,Post_Title,Actual_Post,Time_Stamp,Num_Likes,Num_Comments
0,Post Title is Not Available,ጠቅላይ ሚኒስትር ዶ/ር አብይ አሕመድ ከኖርዌይ ጠቅላይ ሚኒስትር ኤርና ሶልበርግን ጋር ተወያዩ አዲስ አበባ፣ የካቲት2፣ 2011 (ኤፍ.ቢ.ሲ) ጠቅላይ ሚኒስትር ዶክተር አብይ አሕመድ ከኖርዌይ ጠቅላይ ሚኒስትር ኤርና ሶልበርግን ጋር ተወያዩ፡፡ በሁለቱ ሀገራት መካከል የሁለትዮሽ ትብብር እንደ አውሮፓአውዊያኑ አቆጣጠር ከ1995 ጀምሮ መመስረቱን ጠቅላይ ሚኒስትር ዶክተር አብይ አሕመድ ገልጸዋል፡፡... በዚህም ኢትዮጵያ ከኖርዌይ ጋር ጠንካር ግንኙነት ያላት ሲሆን÷ ለዚህ ግንኙነትና ትብብር የስካንዲኔቪያ አገራትን ተሞክሮ አገራቱ በጋራ እንዲያድጉ እድል እንደከፈተላቸው አስታውሰዋል። ይህም ለአፍሪካ ቀንድ ቀጠና ውህደት እንደ ተምሳሌት የሚወሰድ ነው ብለዋል። የኖርዌይ ጠቅላይ ሚኒስትር በበኩላቸው በኢትዮጵያ እየተካሄደ ያለውን ለውጥና የአባቢው ውህደት ጅማሮዎችን በማድነቅ አገራቸው የምታደርገውን እርዳታ በተለይም በትምህርት ዘርፍ አጠናክራ እንደምትቀጥል ማስታወቃቸውን የጠቅላይ ሚኒስትር ጽህፈት ቤት መረጃ ያመለክታል። Photo credit ፡ Office of the Prime Minister-Ethiopia See More,5 hrs,992,53 Comments
1,Post Title is Not Available,የአውሮፓ ህብረት ከኢትዮጵያ ጋር ያለው ትብብር ተጠናክሮ እንደሚቀጥል ተገለፀ  አዲስ አበባ፣ የካቲት 2፣ 2011 (ኤፍ.ቢ.ሲ) የኢ.ፌ.ዲ.ሪ የውጭ ጉዳይ ሚኒስትር ዶክተር ወርቅነህ ገበየሁ ከአውሮፓ ህብረት ኮሚሽን ምክትል ፕሬዚዳንትና የሕብረቱ የውጭ ጉዳይና ደህንነት ፖሊሲ ሀላፊ ፌዴሪካ ሞግሄሪኒ ጋር ተወያዩ። የውጭ ጉዳይ ሚኒስትር ዶክተር ወርቅነህ የአውሮፓ ህብረት ኮሚሽን ምክትል ፕሬዚዳንትና የሕብረቱ የውጭ ጉዳይና ደህንነት ፖሊሲ ሀላፊ ፌዴሪካ ሞግሄሪኒን በዛሬው ዕለት ነው በጽህፈት ቤታቸው ተቀብለው ማነጋገራቸውን የውጭ ጉዳይ ሚኒስቴር ቃል አቀባይ ጽህፈት ቤት አስታውቋል።... በውይይቱ ወቅትም ዶክተር ወርቅነህ፥ የኢትጵያ እና የአውሮፓ ህብረት ግንኙነት በጠንካራ መሰረተትላይ የተጣለ መሆኑን ገልጸዋል። የአውሮፓ ህብረት ለኢትዮጵያ እያደረገ ያለውን ድጋፍ ያደነቁት ዶክተር ወርቅነህ፥ ግንኙነቱ ከዚህ በላይ ተጠናከሮ እንደሚቀጥል እምነታቸው መሆኑን ገልጸዋለ። የአውሮፓ ህብረት ኮሚሽን ምክትል ፕሬዚዳንትና የሕብረቱ የውጭ ጉዳይና ደህንነት ፖሊሲ ሀላፊ ፌዴሪካ ሞግሄሪኒ በበኩላቸው፥ በኢትዮጵያ እየተካሄደ ያከውን ለውጥ አድንቀዋል።  ኢትዮጵያ በቀጠናው በሎም በዓለም ላይ ሰላም እንዲሰፍን ያላት አስተዋጸኦ ፍተኛ ነው መሆኑንም ገልፀዋል። የአውሮፓ ህብረት በቀጠጫይም ከኢትዮጵያ ጋር ያለውን ትብብር አጠናከሮ እንደሚቀጥልም ነው የአውሮፓ ህብረት ኮሚሽን ምክትል ፕሬዝዳንት እና የውጭ ጸጥታ ፖሊሲ ጉዳዮች ተወካይ ከሆኑት ከፌደሪካ ሞግሀርኒ ያስታወቁት። See More,2 hrs,259,12 Comments
2,Post Title is Not Available,የውጭ ጉዳይ ሚኒስትር ዶ/ር ወርቅነህ ከተባበሩት አረብ ኢሜሪቶች የዓለም አቀፍ ትብብር ሚኒስትር ዴኤታ ጋር ተወያዩ አዲስ አበባ፣ የካቲት 2፣ 2011 (ኤፍ.ቢ.ሲ) የኢ.ፌ.ዲ.ሪ የውጭ ጉዳይ ሚኒስትር ዶክተር ወርቅነህ ገበየሁ ከተባበሩት አረብ ኢሜሪቶች የዓለም አቀፍ ትብብር ሚኒስትር ዴኤታ ሪም አል ሀሽሚን ጋር ተወያይተዋል። በውይይታቸውም ወቅትም ዶክተር ወርቅነህ፥ የኢትዮጵያና የተባበሩት አረብ ኤሜሪቶች ግንኙነት በደም የተሳሰረ፣ በጠንካራ መሰረት ላይ የተጣለ እና ታሪካዊም ነው ብለዋል። ... ኢትዮጵያ የመጀመሪያዎቹን የእስልምና እምነት ተከታዮች ተቀብላ በማስተናገድ ከመካከለኛው ምስራቅና ከአረብ ሀገሮች  ጋር ቀደምት ግንኙነት የመሰረተች ግንባር ቀደም አገር ናትም ብለዋል። ሁለቱ ሀገሮች የህዝባቸውን ጥቅምና ደህንንት ለማስጠበቅ በትብብር እየሰሩ መሆኑን ገልጸው፥ ይህንን ግንኙነት ወደ ላቀ ደረጃ ለማሸጋገር በልዩ ትኩረት ይሰራልም ብለዋል። የተባበሩት አረብ ኤሜሪቶች ለኢትዮጵያ እያደረገች ያለውን ሁሉን አቀፍ ድጋፍ እና ለኢትዮጵያዊያን ዜጎች እየተደረገ ላለው ድጋፍም ዶክተር ወርቅነህ ምስጋናቸውን አቅርበዋል። ሪም አል ሀሽሚ በበኩላቸው፥ ጠቅላይ ሚኒስትር ዶክተር አብይ አህመድ አመራር በኢትዮጵያ የመጣውን ሁሉን አቀፍ ለውጥ አድንቅዋል።  የተባበሩት አረብ ኤሚሪቶች ከኢትዮጵያ ጋር ያላትን ግንኙነት ወደ ላቀ ደረጃ ለማሸጋገር ቁርጠኛ ናት ያሉ ሲሆን፥ ለኢትዮጵያ የምታደርገውን ድጋፍም አጠናክራ ትቀጥላለች ማለታቸውን የውጭ ጉዳይ ሚኒስቴር ቃል አቀባይ ጽህፈት ቤት አስታውቋል። See More,36 mins,139,13 Comments
3,Post Title is Not Available,ፕሬዚዳንት ሳህለወርቅ ከአውሮፓ ህብረት ኮሚሽን የውጭ ጉዳይና ደህንነት ፖሊሲ ሀላፊ ፌዴሪካ ሞግሄሪኒ ጋር ተወያዩ አዲስ አበባ፣ የካቲት 2፣ 2011 (ኤፍ.ቢ.ሲ) የኢፌዴሪ ፕሬዚዳንት ሳህለወርቅ ዘውዴ ከአውሮፓ ህብረት ኮሚሽን ምክትል ፕሬዚዳንትና የሕብረቱ የውጭ ጉዳይና ደህንነት ፖሊሲ ሀላፊ ፌዴሪካ ሞግሄሪኒ ጋር ተወያይተዋል። ፕሬዚዳንት ሳህለወርቅ በኢትዮጵያ ጉብኝት በማድረግ ላይ የሚገኙትን የአውሮፓ ህብረት ኮሚሽን ምክትል ፕሬዚዳንትና የሕብረቱ የውጭ ጉዳይና ደህንነት ፖሊሲ ሀላፊ ፌዴሪካ ሞግሄሪኒን በዛሬው እለት ነው በብሄራዊ ቤተ መንግስት ተቀብለው ያነጋገሩት።... በውይይታቸውም የአውሮፓ ህብረት ኮሚሽን ምክትል ፕሬዚዳንትና የሕብረቱ የውጭ ጉዳይና ደህንነት ፖሊሲ ሀላፊ ፌዴሪካ ሞግሄሪኒ፥ የአውሮፓ ህብረት በኢትዮጵያ እየተካሄደ ያለውን የኢኮኖሚ እና የፖለቲካ ለውጥ እንደሚደግፍ ገልፀዋል። See More,58 mins,186,14 Comments
4,Post Title is Not Available,የቀድሞ ጠቅላይ ሚኒስትር አቶ ኃይለማርያም ደሳለኝ የናይጄሪያን ምርጫ ታዛቢ ቡድንን እንደሚመሩ ተገለፀ  አዲስ አበባ፣ የካቲት 2፣ 2011 (ኤፍ.ቢ.ሲ) የቀድሞ የኢፌዲሪ ጠቅላይ ሚኒስትር አቶ ኃይለማርያም ደሳለኝ የአፍሪካ ህብረት የናይጄሪያ ምርጫ ታዛቢ ቡድንን እንደሚመሩ ተገለፀ። በአፍሪካ ህብረት የፖለቲካ ጉዳዮች ኮሚሽነር ሚናታ ሳማታ በአዲስ አበባ የአፍሪካ ህብረት ዋና ፅህፈት ቤት በሰጡት መግለጫ ነው የቀድሞ ጠቅላይ ሚኒስትር አቶ ኃይለማርያም ደሳለኝ የምርጫ ታዛቢ ቡድኑን እንደሚመሩ ያስታወቁት።... ኮሚሽነሯ በመግለጫቸው አክለውም፥ “በኢኮኖሚም ይሁን በህዝብ ብዛት ናይጄሪያ ለአፍሪካ በጣም አስፈላጊ ሀገር ነች፤ ከምርጫ ጋር ተያይዞ ምንም አይነት ግጭት በሀገሪቱ እንዲፈጠር አንፈልግም” ብለዋል። ለዚህም የአፍሪካ ሀብረት እና ሁሉም ተባባሪ አካላት በናይጄሪያ ነፃ፣ ፍትሃዊ እና ዴሞክራሲያዊ ምርጫ እንዲካሄድ በቅርበት እንደሚሰሩ ገልፀዋል። የናይጄሪያ አጠቃላይ ምርጫ የፊታችን የካቲት 9 እንደሚካሄድ የተገለፀ ሲሆን፥ በምርጫው ላይ ድምፅ ለመስጠትም 84 ሚሊየን ዜጎች መመዝገባቸውን የሀገሪቱ የምርጫ ኮሚሽን አስታውቋል። ምንጭ፦  www.xinhuanet.com See More,1 hr,688,209 Comments
5,Post Title is Not Available,የሀገራትና መንግስታት መሪዎች በአፍሪካ ህብረት የመሪዎች ጉባዔ ለመካፈል አዲስ አበባ እየገቡ ነው  አዲስ አበባ፣ የካቲት 2፣ 2011 (ኤፍ.ቢ.ሲ) የሀገራትና መንግስታት መሪዎች በ32ኛው የአፍሪካ ህብረት የመሪዎች ጉባዔ ለመካፈል አዲስ አበባ እየገቡ በመግባት ላይ ይገኛሉ። በዛሬው እለትም የሩዋንዳው ፕሬዚዳንት እና የወቅቱ የአፍሪካ ህብረት ሊቀ መንበር ፖል ካጋሜ አዲስ አበባ ገብተዋል።... ፕሬዚዳንት ፖል ካጋሜ አዲስ አበባ ቦሌ ዓለም አቀፍ አውሮፕላን ማረፊያ ሲደርሱም የገንዘብ ሚኒስትሩ አህመድ ሽዴ አቀባበል አድርገውላቸዋል።  በትናንትናው እለተም የዙምባቤዌ ፕሬዚዳንት ኤመርሰን ምናንጋግዋ፣ የቻድ ፕሬዚዳንት እድሪስ ዴቢ እና የኒጀር ፕሬዚዳንት አይሱፍ መሃመዱ አዲስ አበባ መግባታቸው ይታወሳል። የሀገራት መሪዎቹ አዲስ አበባ ቦሌ አለም አቀፍ አውሮፕላን ማረፊያ ሲደርሱ የትራንስፖርት ሚኒስትር ወይዘሮ ዳግማዊት ሞገስ አቀባበል አድርገውላቸዋል። See More,2 hrs,Ermi Arega and 652 others,16 Comments
6,Post Title is Not Available,የአውሮፓ ህብረት ከኢትዮጵያ ጋር ያለው ትብብር ተጠናክሮ እንደሚቀጥል ተገለፀ  አዲስ አበባ፣ የካቲት 2፣ 2011 (ኤፍ.ቢ.ሲ) የኢ.ፌ.ዲ.ሪ የውጭ ጉዳይ ሚኒስትር ዶክተር ወርቅነህ ገበየሁ ከአውሮፓ ህብረት ኮሚሽን ምክትል ፕሬዚዳንትና የሕብረቱ የውጭ ጉዳይና ደህንነት ፖሊሲ ሀላፊ ፌዴሪካ ሞግሄሪኒ ጋር ተወያዩ። የውጭ ጉዳይ ሚኒስትር ዶክተር ወርቅነህ የአውሮፓ ህብረት ኮሚሽን ምክትል ፕሬዚዳንትና የሕብረቱ የውጭ ጉዳይና ደህንነት ፖሊሲ ሀላፊ ፌዴሪካ ሞግሄሪኒን በዛሬው ዕለት ነው በጽህፈት ቤታቸው ተቀብለው ማነጋገራቸውን የውጭ ጉዳይ ሚኒስቴር ቃል አቀባይ ጽህፈት ቤት አስታውቋል።... በውይይቱ ወቅትም ዶክተር ወርቅነህ፥ የኢትጵያ እና የአውሮፓ ህብረት ግንኙነት በጠንካራ መሰረተትላይ የተጣለ መሆኑን ገልጸዋል። የአውሮፓ ህብረት ለኢትዮጵያ እያደረገ ያለውን ድጋፍ ያደነቁት ዶክተር ወርቅነህ፥ ግንኙነቱ ከዚህ በላይ ተጠናከሮ እንደሚቀጥል እምነታቸው መሆኑን ገልጸዋለ። የአውሮፓ ህብረት ኮሚሽን ምክትል ፕሬዚዳንትና የሕብረቱ የውጭ ጉዳይና ደህንነት ፖሊሲ ሀላፊ ፌዴሪካ ሞግሄሪኒ በበኩላቸው፥ በኢትዮጵያ እየተካሄደ ያከውን ለውጥ አድንቀዋል።  ኢትዮጵያ በቀጠናው በሎም በዓለም ላይ ሰላም እንዲሰፍን ያላት አስተዋጸኦ ፍተኛ ነው መሆኑንም ገልፀዋል። የአውሮፓ ህብረት በቀጠጫይም ከኢትዮጵያ ጋር ያለውን ትብብር አጠናከሮ እንደሚቀጥልም ነው የአውሮፓ ህብረት ኮሚሽን ምክትል ፕሬዝዳንት እና የውጭ ጸጥታ ፖሊሲ ጉዳዮች ተወካይ ከሆኑት ከፌደሪካ ሞግሀርኒ ያስታወቁት። See More,2 hrs,259,12 Comments
7,Post Title is Not Available,ጠቅላይ ሚኒስትር ዶ/ር አብይ አሕመድ ከኖርዌይ ጠቅላይ ሚኒስትር ኤርና ሶልበርግን ጋር ተወያዩ አዲስ አበባ፣ የካቲት2፣ 2011 (ኤፍ.ቢ.ሲ) ጠቅላይ ሚኒስትር ዶክተር አብይ አሕመድ ከኖርዌይ ጠቅላይ ሚኒስትር ኤርና ሶልበርግን ጋር ተወያዩ፡፡ በሁለቱ ሀገራት መካከል የሁለትዮሽ ትብብር እንደ አውሮፓአውዊያኑ አቆጣጠር ከ1995 ጀምሮ መመስረቱን ጠቅላይ ሚኒስትር ዶክተር አብይ አሕመድ ገልጸዋል፡፡... በዚህም ኢትዮጵያ ከኖርዌይ ጋር ጠንካር ግንኙነት ያላት ሲሆን÷ ለዚህ ግንኙነትና ትብብር የስካንዲኔቪያ አገራትን ተሞክሮ አገራቱ በጋራ እንዲያድጉ እድል እንደከፈተላቸው አስታውሰዋል። ይህም ለአፍሪካ ቀንድ ቀጠና ውህደት እንደ ተምሳሌት የሚወሰድ ነው ብለዋል። የኖርዌይ ጠቅላይ ሚኒስትር በበኩላቸው በኢትዮጵያ እየተካሄደ ያለውን ለውጥና የአባቢው ውህደት ጅማሮዎችን በማድነቅ አገራቸው የምታደርገውን እርዳታ በተለይም በትምህርት ዘርፍ አጠናክራ እንደምትቀጥል ማስታወቃቸውን የጠቅላይ ሚኒስትር ጽህፈት ቤት መረጃ ያመለክታል። Photo credit ፡ Office of the Prime Minister-Ethiopia See More,5 hrs,992,53 Comments
8,Post Title is Not Available,ዶ/ር ወርቅነህ ገበየሁ ከቻይና የውጭ ጉዳይ ረዳት ሚኒስትር ቼን ዚያንዶንግ ጋር ተወያዩ አዲስ አበባ፣ የካቲት2፣ 2011 (ኤፍ.ቢ.ሲ) የውጭ ጉዳይ ሚኒስትር ዶክተር ወርቅነህ ገበየሁ ከቻይና የውጭ ጉዳይ ረዳት ሚኒስትር ቼን ዚያንዶንግ ጋር ተወያዩ፡፡ የውጭ ጉዳይ ሚኒስትር ዶክተር ወርቅነህ ገበየሁ የቻይና የውጭ ጉዳይ ረዳት ሚኒስትርና የቻይና አፍሪካ ፎረም የክትትል ኮሚቴ ሊቀመንበር ሚስተር ቼን ዚያንዶንግ በጽህፈት ቤታቸው ተቀበለው በሁለትዮሽና በዓለም አቀፍ ጉዳዮች ዙሪያ ተወያይተዋል።... ዶክተር ወርቅነህ በዚህ ውይይታቸው የቻይና እና የኢትዮጵያ ግንኙነት ሁሉን አቀፍና በሁኔታዎች የማይለዋወጥ በሁለቱ አገሮች ህዝቦች ዘላቂ ጥቅም ላይ የተመሰረተ ታሪካዊና ረጅም ዘመናትን ያቆጠረ መሆኑን ገልጸዋል። ይህንን ትብብር ወደ ላቀ ደረጃ በማሸጋገር የሁለቱን አገሮች ህዝቦች ተጠቃሚነትለማሳደግ ይሰራል ብለዋል። ሚስተር ቼን ዚያንዶንግ በበኩላቸው የኢትዮጵያና የቻይና ግንኙነት ሁሉን አቀፍ ስትራቴክ ትብብር መሆኑን በመግለጽ ይህንን ግንኙነት ወደ ላቀ ደረጃ ለማሸጋገር ቻይና ከምንጊዜውም በላይ ትኩረት ሰጥታ በመስራት ላይ ትገኛለች ብለዋል። በተያያዘ ዜና ዶክተር ወርቅነህ ገበየሁ ከዓለም ጤና ድርጅት ዋና ዳይሬክተር  ዶክተር ቴድሮስ አድሃኖምን በጽህፈት ቤታቸው ተቀብለው  አነጋግረዋል። በኢትዮጵያ የጤናውን ዘርፍ ለማዘመን እየተደረገ ባለው ርብርብ የዓለም የጤና ድርጅት እያደረገ ያለውን ሁሉን አቀፍ ድጋፍ አድንቀዋል። ትብብሩ ከዚህ በበለጠ ተጠናከሮ እንደሚቅጥል እምነታቸው መሆኑንም ዶክተር ወርቅነህ ገልጸዋል። የዓለም ጤና ድርጅት ዋና ዳይሬክተር  ዶክተር ቴድሮስ አድሃኖም በበኩላቸው በአትዮጵያ በጤናው ዘርፍ የተመዘገበውን ውጤት አድንቀዋል።  ድርጅቱ ለኢትዮጵያ የሚያደርገውን ድጋፍ አጠናክሮ እንደሚቀጥልም አረጋገጠዋል። ኢትዮጵያ የዓለም ጤና ድርጅት ከተመሰረተበት ከ 1940 ዓ.ም ጀምሮ የድርጅቱ የረዥም ጊዜ አባል በመሆን በመስራት ላይ ትገኛለች። See More,6 hrs,429,29 Comments
9,Post Title is Not Available,አፍሪካአውያን ለስደተኞች ጉዳይ ልዩ ትኩረት ሊሰጡ እንደሚገባ ተመድ አሳሰበ አዲስ አበባ፣ የካቲት2፣ 2011 (ኤፍ.ቢ.ሲ) አፍሪካአውያን ለስደተኞች ጉዳይ ልዩ ትኩረት ሊሰጡ እንደሚገባ ተመድ አሳሰበ፡፡ የተባበሩት መንግስታት ድርጅት ዋና ጸሃፊ አንቶኒዮ ጉቶሬዝ ከአፍሪካ ህብረት ኮሚሽን ሊቀመምበር ሙሳ ፋኪ ማህመት ጋር በአፍሪካ ህብረት አዳራሽ ዛሬ በሰጡት የጋራ ጋዜጣዊ መግለጫ አፍሪካአውያን  የስደት መንስኤዎችን በማጥናት ለስደተኞች ጉዳይ ልዩ ትኩረት ሊሰጡ እንደደሚገባ አሳስበዋል፡፡... በአህጉሪቷ  የተጀመሩ  የልማት ስራዎችን ዘላቂ በማድረግ በምርጫና ሌሎች ምክንያቶች የሚፈጠሩ ግጭቶችን በውይይት በመፍታት ዜጎቻውን  ከስደትና መፈናቀል ሊታደጉ እንደሚገባም ተናግረዋል፡፡ ዋና ጸሃፊው የስደትን ጉዳይ በተመለከተ ሲያብራሩ አሁን ላይ ከአፍሪካ ወደ ተለያዩ የዓለማችን ክፍሎች ከሚሰደዱ ዜጎች ቁጥር ይልቅ ከአንድ አፍሪካ ሀገር ወደሌላኛው የአፍሪካ ሀገር የሚሰደዱትእንደሚበለልጡ ነው የተናገሩት፡፡ ከፍተኛ ጉዳት እያጋጠማቸው ያሉት ግን ከአፍሪካ ወደ አውሮፓና ሌሎች የተለያዩ ሀገራት  ባህር አቋርጠው  በህገ ወጥ መንገድ የሚጓዙት እንደሆነም ገልጸዋል፡፡ በአፍሪካ የተለያዩ አካባቢዎች የሰላምና  ደህንነት ተስፋዎች እየታዩ መሆኑን የተናገሩት ዋና ጸሃፊው የኢትዮ- የኤርትራ፣ የደቡብ ሱዳን ተፋላሚዎችን  የሰላም ስምምነቶችን አንስተዋል፡፡ የተባበሩት መንግስታት ድርጅት ከአፍሪካ ህብረት ጋር በመሆን በአህጉሪቷ ዘላቂ ሰላምና ደህንነት እንዲሰፍ ስትራቴግጅ አጋርነት መስርቶ እተንቀሳቀሰ መሆኑንም አስረድተዋል፡፡ በዓለም አቀፍ ደረጃ ከፍተኛ ጉዳት እያደረሰ ያለው የአየር ንብረት ለውጥ ለለውጡ ያን ያህል ድርሻ የሌላትአፍሪካ ላይ ጉዳቱ ከፍተኛ መሆኑንም አንስተዋል፡፡ የአፍሪካ ህብረት ኮሚሽን  ሊቀመምበር ሙሳ ፋኪ መሃመት በበኩላቸው  አፍሪካዊያን  ለስደተኞች  ልዩ ትኩረት  ሰጥተው እንዲንቀሳቀሱ  ህብረቱ አቅጣጫ አስቀምጦ እየተንቀሳቀሰ  መሆኑን ተናግረዋል፡፡ ለዚህም  ነገ የሚጀመረው የአፍሪካ  ህብረት መሪዎች ጉባኤ ዋና ትኩረቱን ዘላቂ  መፍትሄ ለስደተኞች፣ ስደት ተመለሾችና ለሀገር ውስጥ ተፈናቃዮች ማድረጉን ገልጸዋል፡፡ በስላባት ማናዬ See More,6 hrs,256,12 Comments
10,Post Title is Not Available,ሃገራዊውን የግብር ንቅናቄ ለማስቀጠል በአዲስ አበባ ከተማ የሩጫ ውድድር ሊካሄድ ነው,20 hrs,298,10 Comments
11,Post Title is Not Available,ኦብነግ ከ1 ሺህ በላይ ወታደሮቹን በይፋ ለመንግስት አስረከበ አዲስ አበባ፣ የካቲት 1፣ 2011(ኤፍ.ቢ.ሲ) ኦብነግ ከ1 ሺህ በላይ ወታደሮቹን በይፋ ለመንግስት አስረከበ፡፡ ከዚህ ቀደም  የኦብነግ ወታደሮች ትጥቃቸውን እየፈቱ መግባታቸው ይታወሳል፡፡... ባዛሬው ዕለትም ኦብነግ 1ሺህ740 ወታደሮችን በጅግጅጋ ከተማ ለመንግስት የማስረክብ ስነ ስርዓት አከናውኗል፡፡ በኦብነግ ወታደሮችና ከፍተኛ አመራር የአቀባበል ስነ ስርዓት ላይ የሀገር ሽማግሌዎች፣ የጎሳ መሪዎችና ከፍተኛ የክልሉ የስራ ሃለፊዎች ተገኝተዋል፡፡ በስነ ስርዓቱ ላይ የእንኳድ ደህና መጣችሁ ንግግር ያደረጉት የክልሉ ምክትል ርዕሰ መስተዳደር አቶ ሙስጠፋ መህመድ የኦብነግ ወታደሮችና ከፍተኛ አመራሮች መንግስት ያቀረበላቸውን የሰላም ጥሪ ተቀብለው በመግባታቸው የተሰማቸውን ደስታ ገልፀዋል፡፡ ከዚህ ቀደም በክልሉ መንግስትና በኦብነግ አመራሮች መካከል የተደረገውን የሰላም ውይይት ተቀብለው በግባታቸውም ምስጋናቸወቀውን አቅርበዋል፡፡ የኦብነግ ሊቀመምበር አልሚራል ማህምድ ኡመር ኡስማን በበኩላቸው የተደረገላቸው አቀባበል ታሪካዊ፣ ምስጋና የሚቸረውና ባለፉት አመራሮች አስተዳደር ያላየነው ነው ሲሉ ገልጸውታል፡፡ አሁን ላይ የሰላም ጥሪውን ተቀብለን ወደ ሀገር ውስጥ የገባነውም በሀገሪቱ እየታየ ያለውን ለውጥ ለመደግፍና የለውጡ አካል ለመሆን ነው ብለዋል፡፡ ከዚህ በኋላ የኦብነግ ወታደሮችን ጉዳይ የመንግስት ኃላፊነት ሲሆን ÷ ወታደሮቹን ካዛሬ ጀምሮ ለመንግስት ማስረካበቻውን ተናግረዋል፡፡ ዛሬ የሰላም ጥሪውን ተቀብለው ጅግጅጋ ከገቡት የኦብነግ 1ሺህ 740 አመራሮችና ወታደሮች መካከል 20 ያህሉ ሴቶች መሆናቸውም ነው ተገለጸው፡፡ የመንግስትን የሰላማዊ ጥሪ ውይይት ሲመሩ የነበሩ ከክልሉ መንግስትና ከኦብነግ የተውጣጡ 14 ሰዎች የማበረታቻና የእውቅናሽልማት ተሰጥቷል፡፡ በተደረገላቸው አቀባበል መደሰታቸውን ተናገሩት ወታደሮቹ ክህብረተሰቡ ጋር ተቀላቅለው ሠላማዊ ሕይወታቸውን የመምራት ፍላጎት እንዳላቸው ገልጸዋል፡፡ ዛሬ የመንግስትን የሰላም ጥሪ ተቀብለው ጅግጅጋ ከተማ የገቡ የኦብነግ ወታደሮችና ከፍተኛ ወታደራዊ አመራሮች የታሕድሶ ስልጠና ከወሰዱ በኋላ መስፈርቱን የሚያሟሉ ወደ ክለሉ የጸጥታ ሃይል የሚቀላቀሉ፣ ሰላማዊ ሕይወት መምራት የሚፈለጉና በፓርቲያቸው ውስጥ ሰላማዊ ትግል የሚያደርጉ እየተለዩ በክልሉ መንግስት ድጋፍ እንደሚደረግላቸው ነው የተገለጸው፡፡ በሀብታሙ ተክለስላሴ See More,22 hrs,የሀገር ፍቅር ፔጅ and 1K others,71 Comments
12,Post Title is Not Available,ፕሬዚዳንት ሳህለወርቅ ዘውዴ ከዶ/ር ቴድሮስ አድሃኖም ጋር ተወያዩ አዲስ አበባ፣ የካቲት 1፣ 2011 (ኤፍ.ቢ.ሲ) ፕሬዚዳንት ሳህለወርቅ ዘውዴ ከዓለም ጤና ድርጅት ዋና ዳይሬክተር ዶክተር ቴድሮስ አድሃኖም ጋር ተወያዩ፡፡  በሀገሪቱ የጤና ዘርፍ እየሰራችው በሚገኘው ስራ ዙሪያ ውይይት ማድረጋቸው ተጠቁሟል፡፡... የዓለም የጤና ድርጅት የኢትዮጵያን የጤና አገልግሎት ዘርፍ ለመደገፍ ዝግጁ መሆኑን የድርጅቱ ዋና ዳይሬክተር ዶክተር ቴዎድሮስ አድሃኖም ተናግረዋል፡፡ See More,22 hrs,Dani Dana and 996 others,56 Comments
13,Post Title is Not Available,የሶማሌ ክልል በተረጋጋና ሰላማዊ ሁኔታ ላይ እንደሚገኝ የክልሉ መንግስት ገለጸ አዲስ አበባ፣ የካቲት 1፣ 2011 (ኤፍ.ቢ.ሲ) የሶማሌ ክልል በተረጋጋና ሰላማዊ ሁኔታ ላይ እንደሚገኝ  የክልሉ መንግስት አስታወቀ፡፡ የሶማሌ ክልል  ምክትል ርዕሰ መስተዳድር  አቶ ሙስጠፋ መሃመድ  የክልሉን የ6 ወራት የስራ አፈፃፀም ለክልሉ ምክር ቤት አቅርበዋል።... ከሪፖርቱ በኋላ ዛሬ ለጋዜጠኖች በሰጡት መግለጫ እንዳሉት፥ የሶማሌ ክልል ህዝብ ለኢትዮጵያዊነቱ በከፈለው መስዕዋትነት የመጣውን ለውጥ ለማስቀጠል ክልሉ ከመቸውም ጊዜ በላይ ትኩረት ሰጥቶ ይሰራል፡፡ በመግለጫቸው ምክር ቤቱ ባለፉት 6 ወራት በክልሉ የተከናወኑ ጠንካራና ደካማ ጎን ለይቶ መወያየቱን ተናግረዋል። ከዚህ በፊት በክልሉ የነበረውን አስተዳደር መዋቅር አሳታፊ በሆነ መንገድ ለማስተካከል የተሰራውን ስራ ምክር ቤቱ በአድናቆት  መመልከቱንም ነው የተናገሩት። በክልሉ የመናገር ነፃነትና ሰብዓዊ መብት መከበር በተመለከተ የተሰሩ ስራዎችም በጠንካራ ጎን መታየታቸውን ነው የገለጹት፡፡ ከኦብነግ አባላት ጋር በተደረጉ ውይይቶች ወደ ሰላማዊ የትግል አቅጣጫ ለማምጣት የተደረጉ ጥረቶች በአወንታ የሚጠቀሱ ናቸው ብለዋል፡፡ በክልሉ በፀጥታው ዘርፍ በተከናወኑ የማሻሻያ ስራዎች የጎሳና የብሄር ግጭቶችን ለማስወገድ በክልሉ መንግስትና በሀገር ሽማግሌዎች የተደረገውን ጥረትም አንስተዋል፡፡ በዚህም ከ30 የማያንሱ የጎሳና የብሄር ግጭቶችን ማስቀረት ተችሏል ነው ያሉት ምክትል ርዕሰ መስተዳድሩ። በድንበር አካባቢ የሚከሰቱ ግጭቶችን ለማስቆም የተከናወኑ ተግባራትና ባለፉት አራት ወራት በክልሉ ሙስና እና ብልሹ አሰራሮችን በማስወገድ ረገድ ውጤት ማምጣት ተችሏልም ነው ያሉት። በዚህም 119 ግለሰቦችን እና 4 ኩባንያዎችን ተጠያቂ የማድረግ 60 የሂሳብ ደብተሮችን እንዳይንቀሳቀሱ መታገዳቸውንም አስረድተዋል፡፡ ከዚህ ባለፈም ከሃምሌ 28 እስከ 30 ቀን 2011 ዓ.ም ድረስ በጅግጅጋና አካባቢዋ በተከሰተው ሁከት በመሳተፍና በማደራጀት የተጠረጠሩ ግለሰቦች በህግ ተጠያቂ መሆናቸውንም ጠቅሰዋል፡፡ በክልሉ በጅግጅጋ ከተማና አንዳንድ አካባቢዎች የሚታዩ የመሬት ወረራዎች ደግሞ በክፍተት የተነሱ ናቸው ብለዋል። በተጨማሪም የግጭት አዝማሚያዎችን በመለየት ቀድሞ እርምጃዎችን መውሰድ ላይ ክፍተቶች እንዳሉ መገምገሙን አውስተዋል።  በሃብታሙ ተክለስላሴ See More,22 hrs,442,19 Comments
14,Post Title is Not Available,የዓለም ጤና ድርጅት ዋና ዳይሬክተር ዶ/ር ቴድሮስ በአዲስ አበባ የተለያዩ የጤና ተቋማትን ጎበኙ አዲስ አበባ፣ የካቲት 1፣ 2011 (ኤፍ.ቢ.ሲ)  የዓለም ጤና ድርጅት ዋና ዳይሬክተር ዶክተር ቴድሮስ አድሀኖም በአዲስ አበባ የተለያዩ የጤና ተቋማትን ጎበኙ፡፡ ዶክተር ቴድሮስ አድሀኖም በዛሬው እለት አዲስ አበባ የሚገኘውን የጃን ሜዳ ጤና ጣቢያ እና የቅዱስ ጴጥሮስ ሆስፒታልን ተዘዋውረው ጎብኝተዋል፡፡ ... ዋና ዳይሬክተሩ በጃን ሜዳ ጤና ጣቢያ በቤተሰብ ጤና ቡድን በጤና ጣቢያው ባለሙያዎች ቤት ለቤት እየተሰጡ ያሉ የጤና አገልግሎቶችን በተገልጋይ ቤተሰቦች ቤት በመገኘት ነው ጉብኝት ያደረጉት። የጃን ሜዳ ጤና ጣቢያ ዝቅተኛ ኢኮኖሚ ላላቸው ነዋሪዎች ቤታቸው ድረስ በመሄድ በአይነቱ አዲስ የሆነ የህክምና አገልግሎት የሚሰጥ ሲሆን፥ ታካሚዎቹ ተጨማሪ ህክምና ካስፈለጋቸው ወደ ጤና ጣቢያ ሪፈር ይጽፍላቸዋል። ዶክተር ቴድሮስ በቅዱስ ጴጥሮስ ሆስፒታል ጉብኝታቸው መደሰታቸውን ጠቅሰው፥ ሆስፒታሉ የልብ ቀዶ ህክምና መጀመሩና በመመረዝ ህክምና ዙሪያ እያደረገ ያለው እንቅስቃሴ የሆስፒታሉን እመርታ እንደሚያሳይ ተናግረዋል፡፡ “ጤና ለሁሉም” በሚለው የዓለም ጤና ድርጅት መርህ መሰረት የዓለም ጤና ድርጅት ከኢትዮጵያ ጋር በጋራ ለመስራት ስምምነት ላይ መድረሱን ዋና ዳይሬክተሩ ገልፀዋል፡፡ የሀገሪቷ ከፍተኛ የጤና አመራሮች ለጤናው ዘርፍ ስርዓት መጠናከር የሰጡትን ትኩረትም አድንቀዋል። በጤናው ዘርፍ እያደረገች ያለችው እንቅስቃሴ ከጊዜ ወደ ጊዜ ከፍተኛ መሻሻሎችን እያሳየ መምጣቱንም በጉብኝቱ ወቅት አንስተዋል። በተመሳሳይ ዋና ዳይሬክተሩ ከፕሬዚዳንት ሳህወርቅ ዘውዴ ጋር ውይይት አድርገዋል፡፡ See More,23 hrs,2.7K,183 Comments
15,በድሬደዋ ከተማ ተከስቶ በነበረው ግጭት ተጠርጥረው በቁጥጥር ስር የነበሩ 54 ግለሰቦች ከእስር ተፈቱአዲስ አበባ፣ የካቲት 1፣ 2011 (ኤፍ.ቢ.ሲ) በድሬደዋ ከተማ ተከስቶ በነበረው ግጭት ሁከትና ብጥብጥ በመፍጠር ተጠርጥረው ነበሩ 54 ግለሰቦች ክሳቸው ተቋርጦ ከእስር መፈታታቸውን የከተማዋ ፓ.....,በድሬዳዋ ከተማ ተከስቶ በነበረው ግጭት ሁከትና ብጥብጥ በመፍጠር ተጠርጥረው የነበሩ 54 ግለሰቦች ክሳቸው ተቋርጦ ከእስር መፈታታቸውን የከተማዋ ፓሊስ አስታወቀ፡፡ ተጠርጣሪዎቹ በዛሬው ዕለት ከሚመለከታቸው አካላት ጋር ውይይት ካደረጉ በኋላ ከእስር ተለቀዋል፡፡ በዚህ የውይይት መድረክ በፍትህ ተቋማት በአስተዳደርና በሌሎች ፈፃሚ ተቋማት ላይ ሊስተካከሉና ሊታረሙ ይገባሉ የተባሉ ጉዳዮች ተነስተው ከወጣቶች ጋር ውይይት ተደርጎባቸዋል፡፡,23 hrs,641,38 Comments
16,Post Title is Not Available,በጎንደር ከተማ አዘዞ አካባቢ በደረሰ የእሳት ቃጠሎ ንብረት ወደመ አዲስ አበባ ፣ የካቲት 1 ፣ 2011 (ኤፍ ቢ ሲ) በጎንደር ከተማ አዘዞ አካባቢ ልዩ ስሙ ግራር ሰፈር ተብሎ በሚጠራው አካባቢ በሚገኝ የእንስሳት ማድለቢያ ስፍራ ላይ የእሳት አደጋ ደረሰ። በእሳት አደጋው ሳቢያ ከ3 ሚሊየን ብር በላይ የሚገመት ንብረት መውደሙን ፖሊስ አስታውቋል።... የጎንደር ከተማ 5ኛ ዋና ፖሊስ ጣቢያ ወንጀል መርማሪ ኦፊሰር ምክትል ሳጅን መሀመድ ሰይድ ለኢዜአ እንደተናገሩት አደጋው ትናንት ከምሽቱ 5 ሰዓት ላይ በማድለቢያ ስፍራው ከሚገኙ ክፍሎች በአንዱ በተነሳው የእሳት ቃጠሎ ነው። በቃጠሎው 20 የከብቶች ማድለቢያና የወተት ላሞች ማርቢያ የነበሩ ቤቶች ሙሉ በሙሉ የተቃጠሉ ሲሆን፥ 51 ከብቶችም በቃጠሎው ሞተዋል። እሳቱን ለማጥፋት የአካባቢው ህብረተሰብና ፖሊስ ከከተማው እሳት አደጋ ጋር በመቀናጀት ከፍተኛ ርብርብ ማድረጋቸውን ምክትል ሳጅን መሃመድ ተናግረዋል። በእሳት ቃጠሎው የማድለቢያ ስፍራው ሙሉ በሙሉ የወደመ ሲሆን፥ ለእንስሳት መኖነት የተዘጋጁ ፋጉሎና የሳር ድርቆሽ እሳቱን ለመቆጣጠር አዳጋች አድርገውት እንደነበርም ገልጸዋል። በአደጋው የሞተ ሰው እንደሌለ የገለጹት ምክትል ሳጅን መሀመድ፥ የማድለቢያ ስፍራው በአካባቢው በማህበር የተደራጁ ከ20 በላይ የሚሆኑ ግለሰቦች ሀብትና ንብረት መሆኑን ጠቅሰዋል። See More,23 hrs,1K,352 Comments
17,Post Title is Not Available,"እርሶ ቢሆኑ ምን ያደርጋሉ? ልጄ 11 ዓመቱ ነው፤ በትዳሬ ፍፁም ደስተኛ ስላልነበርኩኝ ከ4 ዓመት ከ6 ወሩ ጀምሮ ብቻዬን የሚያስፈልገውን ነገር ሁላ እያረኩ አሳደኩት።  በወቅቱ ከእናቱ ጋር ተስማምተን መኖር ግን አልቻልንም ነበር።  በመሃላችን ያለው አለመስማማትና ግጭት እየባሰ ሲመጣም ከ6 ዓመት በፊት የመጨረሻውን መለያየት ፈፀምን። ልጃችንንም በፍ/ቤት ውሳኔ  እኔው ጋር እንዲያድግ ሆነ። ... እኔም ጊዜዬን ለሱ ሰጥቼ 'ምንም ሳይጎልበት አሳደኩት። እሱ አብሮኝ እስካለ ድረስ ከብዙ ነገር ተቆጥቤ እያሳደኩት በረፍት ቀኑም እናቱን እየጠየቀ ኖርን፡፡    ከሁለት ወር በፊት ግን አንድ ነገር ተፈጠረ። በልጃችን ባህሪ ዙሪያ ለመነጋገር እርሱም ባለበት ከእናቱ ጋር ቁጭ ብለን አወራን! እሱም እኛን ጥሩ ልጅ በመሆን እንደሚያስደስተን ቃል ከገባ በኃላ ""እናንተም አብራችሁ በመሆን እኔን ለማስደሰት ቃል ግቡልኝ።"" በማለት ያልጠበቅነውን ጥያቄ አቀረበ። በኔ በኩል ሊሆን እንደማይችል ቁርጡን ነገርኩት፡፡ እርሱ ግን አብረን ከእናቱ ጋር የማንሆን ከሆነ፤  አንድ ነገር እንድፈቅድለት ጠየቀኝ። እሱም እናቱ ጋር መሆንን አልከለከልኩትም። በሌላ ጎን ደሞ ወደፍቅር የተቀየረ ህይወት አለኝ። ልጄ ወደእናቱ ከሄደ በኃላ ለፍቅረኛዬ ያለኝ ቦታ ጨመረ፡፡ ፍቅረኛዬ ስላለፈው ህይወቴ ሁሉንም ታውቃለች።ልጄ ከእናቱ ጋር እንድታረቅ እንደሚፈልግ ግን አታውቅም። ልጄ ደሞ ስለፍቅረኛዬ ምንም አያውቅም።አንድ ቀን ልጄ ""አባቴ ብታገባ ይከፋኛል። እቀየምሃለሁ። "" ቃል በቃል አለኝ። ""እህት ወንድም እንዲወለድልህ አትፈልግም? "" ብዬም ጠየኩት""እፈልጋለሁ። ግን ከእናቴ። "" የሚል ቁርጥ ያለ መልስ ሰጠኝ።""ታርቀን ከምታገኘው ጭቅጭቅና ስድብ ይልቅ፥ ተራርቀን ያለው ሰላም ይሻላል። "" ብዬ አስረድቼው ነበረ።  ከነበረብኝ ጉዳት አኳያ እንኳን ታርቆ ወደኃላ መመለስ ሳስበው ያመኛል ።  ለ6አመት ብቻየን ካለ እናት ያሳደግኩት ልጄ ፍላጎት ለማሟላት ስል የራሴን የፍቅር ህይወት መተው  በድጋሜ መስዋዕት መክፈልና  ልጄ እንዳይከፋብኝ  ወይስ ከፍቅረኛዬ ጋር ቀጥዬ ፈጣሪ ከረዳኝ ልጄን ማሳመን?  እርሶ ቢሆኑ ምን ያደርጋሉ? See More",23 hrs,Haile Getachew and 718 others,434 Comments
18,የአውሮፓ ህብረት ኮሚሽን የኤርትራ ወደቦችን ከኢትዮጵያ ድንበር ጋር የሚያገኛኙ መንገዶችን ለመገንባት የ20 ሚሊየን ዩሮ ድጋፍ ይፋ አደረገአዲስ አበባ፣ የካቲት 1፣ 2011 (ኤፍ.ቢ.ሲ) የአውሮፓ ህብረት ኮሚሽን የኤርትራ ወደቦችን ከኢትዮጵያ ድንበር ጋር የሚያገኛኙ መንገዶችን መልሶ ለመገንባት የ20 ሚሊየን ዩሮ ድጋፍ ይፋ አደረገ.....,የአውሮፓ ህብረት ኮሚሽን የኤርትራ ወደቦችን ከኢትዮጵያ ድንበር ጋር የሚያገናኙ መንገዶችን ለመገንባት የ20 ሚሊየን ዩሮ ድጋፍ ይፋ አደረገ አዲስ አበባ፣ የካቲት 1፣ 2011 (ኤፍ.ቢ.ሲ) የአውሮፓ ህብረት ኮሚሽን የኤርትራ ወደቦችን ከኢትዮጵያ ድንበር ጋር  የሚያገናኙ መንገዶችን መልሶ ለመገንባት የ20 ሚሊየን ዩሮ ድጋፍ ይፋ አደረገ፡፡ የአውሮፓ ህብረት የዓለም አቀፍ ልማት ትብብር ኮሚሽን ባወጣው መግለጫ ህብረቱ የኤርትራ ወደቦችንና ኤርትራን  ከኢትዮጵያ ድንበር ጋር የሚያገናኙ መንገዶችን መልሶ ለመገንባት የ20 ሚሊዮን ዩሮ ድጋፍ ይፋ አድርጓል፡፡... ኢትዮጵያና ኤርትራ ከ20 ዓመታት በኋላ ዲፕሎማሲያዊ ግንኙነታቸውን ማደሳቸውን ያስታወሱት የህብረቱ ዓለም አቀፍ ልማት ትብብር ኮሚሽን ኮሚሽነር ኔቨን ሚምካ፥ የአውሮፓ ህብረት ሁለቱን ሀገራት ለመደገፍ ያለውን ቁርጠኝነት አረጋግጠዋል፡፡ ይህ ፕሮጀክት የሁለቱን ሀገራት የንግድ ግንኙነት በማጠናከርና ሰላምና መረጋጋትን በማስፈን ለሁለቱ ሀገራት ዜጎች የስራ እድል በመፍጠር ተጠቃሚ የሚያደርግ ነው ብለዋል፡፡ See More,23 hrs,Adi Ko Ko and 2.5K others,70 Comments
19,Post Title is Not Available,ኢትዮጵያ በግማሽ አመቱ 85 ነጥብ 6 ቢሊየን ብር ብድርና ድጋፍ አገኘች አዲስ አበባ፣ የካቲት 1፣ 2011 (ኤፍ.ቢ.ሲ) ኢትዮጵያ በግማሽ አመቱ ከተለያዩ ምንጮች 85 ነጥብ 629 ቢሊየን ብር የብድርና ድጋፍ ቃል እንደተገባለት የገንዘብ ሚኒስቴር አስታወቀ፡፡ ሚኒስቴሩ ከበይነ-መንግሥታዊ ተቋማት እና ከመንግስታት ጋር በተደረገ ትብብር የተገኘ ብድር እና ድጋፍን ዛሬ በሰጠው ጋዜጣዊ መግለጫ  ይፋ አድርጓል፡፡... በመግለጫው ከበይነ-መንግሥታዊ ተቋማት ማለትም ከዓለም ባንክ፣ ከአፍሪካ ልማት ባንክ እና ከአውሮፓ ኢንቨስትመንት ባንክ አይነት ተቋማት እና ከመንግስታት ትብብር በግማሽ አመቱ 31 ነጥብ 833 ቢሊየን ብር በብድር ቃል እንደተገባላት ተጠቁሟል፡፡፡ በተመሳሳይ ከበይነ-መንግሥታዊ ተቋማት እና ከመንግስታት ትብብር በእርዳታ 53 ነጥብ 796 ቢሊየን ብር ቃል እንደተገባለት ነው ሚኒስቴሩ ይፋ ያደረገው፡፡ እንዲሁም ከእነዚሁ የገንዘብ ምንጮች በግማሽ ዓመቱ ለፕሮጀክቶችና ፕሮግራሞች ማስፈጸሚያ (ፍሰት) 57 ነጥብ 55 ቢሊየን ብር በብድርና እርዳታ ማግኘቷንም ገልጿል። በዚህም 26 ነጥብ 063 ቢሊየን ብር በብድር የተገኘ ሲሆን 31 ነጥብ 487 ቢሊየን ብሩ ደግሞ በእርዳታ ከሁለቱ ምንጮች የተገኘ ነው ተብሏል፡፡ ይህም ሀገሪቱ ያለፉትን ስድስት ወራት ጨምሮ በተለያዩ ጊዜያት ቃል ተገብቶላት የነበሩ የገንዘብ ምንጮችን የሚያጠቃልል ነው። ይህም ከባለፈው አመት ተመሳሳይ ወቅት ጋር ሲነፃፀር የ7 ነጥብ 1 ቢሊየን ብር ወይም በ14 በመቶ ከፍ ያለ መሆኑ ተጠቁሟል፡፡ See More,Yesterday at 5:42 PM,801,115 Comments
20,Post Title is Not Available,የኒውዝላንድ “ዲያሪ ሶሊሽንዝ” የተባለ ኩባንያ በወተትና ወተት ተዋፅኦ ምርት ላይ ሊሰማራ ነው አዲስ አበባ፣ የካቲት 1፣ 2011 (ኤፍ.ቢ.ሲ) የኒውዝላንድ “ዲያሪ ሶሊሽንዝ” የተባለ ኩባንያ በኢትዮጵያ በወተትና ወተት ተዋፅኦ ምርት ላይ ሊሰማራ ነው፡፡ ኢትዮጵያ በቀንድ ከብት ሃብት ከአፍሪካ ቀዳሚውን ስፍራ ብትይዝም ከዘርፉ የሚጠበቅባትን  ያህል ተጠቃሚ እንዳልሆነች  ይይገራል፡፡... የሀገሪቱ የወተት ላሞችም ያን ያክል ውጤታማ እንዳልሆነም ይታወቃል፡፡ ይህንን ክፍተት ለመሙላትና የእውቀት ሽግግር ለማድረግ የኒውዝላንድ “ዲያሪ ሶሊሽንዝ” የተባለ ኩባንያ በኢትዮጵያ የወተት ምርትን ሊጨምር የሚችል መኖ ከማዘጋጀት ጀምሮ የወተት ምርት ላይ ለመሰማራት ማቀዱን ይፋ አድጓል፡፡ የኩባንያው ስራ አስኪያጅ ዴሪክ ፌዘር ከኢኖቬሽንና ቴክኖሎጂ ሚኒስትር ዴኤታ ጀማል በከር ጋር ኩባያው በኢትዮጵያ መሰማራት በሚችልበት ሁኔታ ላይ መክረዋል፡፡ ኢትዮጵያ በወተትና ወተት ተዋፅኦ ምርት ከኒውዝላንድ የዘርፉ ኩባንያዎች ልምድ መውሰድ እንደምተፈልግ የገለፁት ሚኒስትር ዴኤታው የግብርናውን ዘርፍ በቴክኖሎጂ መደገፍ እንዱ የትኩረት አቅጣጫው መሆኑን አስረድተዋል፡፡ ኒውዝላንድ በወተትና ወተት ተዋፅኦ ልማት ዘርፍ የዳበረ ልምድ እንዳላትም ከኢኖቬሽንና ቴክኖሎጂ ሚኒስትር ያገኘነው መረጃየሚያመለክተው፡፡ See More,Yesterday at 3:57 PM,512,22 Comments
21,Post Title is Not Available,በዲላ ዩኒቨርሲቲ ተማሪዎች ዘንድ ቅሬታን የፈጠረው የውሃ እጥረት,Yesterday at 3:56 PM,203,13 Comments
22,Post Title is Not Available,ኢንጅነር ታከለ ኡማ  የአፍሪካ ከንቲባዎችና መሪዎች አለም አቀፍ ትብብር  የምስራቅ አፍሪካ ቀጠና አስተባባሪ ሆነው ተመረጡ አዲስ አበባ፣ የካቲት 1፣ 2011 (ኤፍ.ቢ.ሲ) ኢንጅነር ታከለ ኡማ  በተባበሩት መንግስታት የአፍሪካ ጉዳዮች አማካሪ በተባለ ተቋም  የአፍሪካ ከንቲባዎች እና መሪዎች አለም አቀፍ ትብብር  የምስራቅ አፍሪካ ቀጠና አስተባባሪ ሆነው ተመረጡ፡፡ ኢንጅነር ታከለ ኡማ  በአዲስ አበባ ከተማ ውስጥ እየሰሩት ባለው የልማትና መልካም አስተዳደርን የማስፈን ስራዎች እና የጎዳና ላይ ልጆችን በዘላቂነት ለማቋቋም እየሰሩ ባለው ስራ የአፍሪካ የከንቲባዎች እና መሪዎች አለምአቀፍ ትብብር የምስራቅ አፍሪካ ቀጠና አስተባባሪ ሆነው እንዲመረጡ እንዳስቻላቸው  የተቋሙ ፕሬዚዳንት ዶክተር ጂብሪል ዲያሎ አስታውቀዋል፡፡... ተቋሙ በቀጣይነት ኢትዮጵያ  የተያያዘችውን የለውጥ ጉዞ እንደሚደግፍ  ፕሬዚዳንቱ ገልፀዋል፡፡ በኢትዮጵያ እና አሜሪካ ያሉ ከፍተኛ የትምህርት ተቋማትን በማጣመር ወጣት የከተማዋ ነዋሪዎች የትምህርት ዕድል እንዲያገኙ እንደሚንቀሳቀስ መናገራቸውን ከከንቲባ ፅህፈት ቤት ያገኘነው መረጃ ያመለክታል፡፡ See More,Yesterday at 3:54 PM,"Melkamu Deressa, Tare Merkne and 7K others",1K Comments
23,Post Title is Not Available,የአፍሪካ ህብረት የስራ አስፈፃሚዎች ስብሰባ 2ኛ ቀን ውሎ,Yesterday at 3:47 PM,171,1 Comment
24,Post Title is Not Available,የኢትዮጵያና የጊኒ ስትራቴጂካዊ አጋርነት ጉዞ,Yesterday at 3:38 PM,236,1 Comment
25,Post Title is Not Available,ፕሬዚዳንት ሳህለወርቅ ከጊኒው አቻቸው አልፋ ኮንዴ  ጋር በመሆን  ኢስተርን ኢንዱስትሪያል ዞንን ጎበኙ አዲስ አበባ፣ የካቲት 1፣ 2011 (ኤፍ.ቢ.ሲ) ፕሬዚዳንት ሳህለወርቅ ዘውዴ ከጊኒው አቻቸው አልፋ ኮንዴ  ጋር በመሆን  ኢስተርን ኢንዱስትሪያል ዞንን ጎበኙ፡፡ በጉብኝቱ ወቅትም  የኢንቨስተመንት ኮሚሽን እና የኢንዱስትሪ ፓርኩ ኃላፊዎች ማብራሪያ ሰጥተዋል፡፡... በዚህም የኢንዱስትሪ ዞኑ ከ15 ሺህ በላይ ለሚሆኑ ዜጎች የስራ እድል መፍጠሩ እና  በቀጣይ ይህንን በእጥፍ ለማሳደግ የማስፋፊያ ስራ እንደሚሰራ ተነግሯል፡፡  ከጊኒው ፕሬዝደንት ጋር የመጡ የልዑካን ቡድኑ አባላት ከኢንዱስትሪ ፓርኩ አጠቃላይ እንቅስቃሴ ትልቅ ትምህርት እንደቀሰሙ መናገራቸውን ከፕሬዚዳን ፅህፈት ቤት ያገኘነው መረጃ ያመለክታል፡፡ See More,Yesterday at 3:22 PM,295,7 Comments
26,የመዲናዋ ውሃና ፍሳሽ ባለስልጣን በህብረቱ የመሪዎች ስብሰባ የውሃ ችግር እንዳይከሰት ልዩ ኮማንድ ፖስት አቋቁሞ እየሰራ ነውአዲስ አበባ ፣ የካቲት 1 ፣ 2011 (ኤፍ ቢ ሲ) የአዲስ አበባ ከተማ አስተዳደር ውሃና ፍሳሽ ባለስልጣን በአፍሪካ ህብረት የመሪዎች ስብሰባ የውሃ ችግር እንዳይከሰት ልዩ ኮማንድ ፖስት አቋቁሞ ....,የአዲስ አበባ ከተማ አስተዳደር ውሃና ፍሳሽ ባለስልጣን በአፍሪካ ህብረት የመሪዎች ስብሰባ የውሃ ችግር እንዳይከሰት ልዩ ኮማንድ ፖስት አቋቁሞ እየሰራ መሆኑን አስታወቀ። ባለስልጣኑ መሪዎቹ ስብሰባ የሚያካሂዱበትን አካባቢ ጨምሮ ያርፉባቸዋል ተብለው በውጭ ጉዳይ ሚኒስቴር በተለዩ 56 ሆቴሎች ውሃ በአግባቡ እንዲደርስ እየሰራ መሆኑን፥ የባለስልጣኑ  የኮሙዩኒኬሽን ጉዳዮች የስራ ሂደት መሪ ወይዘሮ ሰርካለም ጌታቸው ለፋና ብሮድካስቲንግ ኮርፖሬት ተናግረዋል። ይህ ስራም ከአቃቂ ቅርንጫፍ ፅህፈት ቤት ውጭ በሁሉም ቅርንጫፍ ፅህፈት ቤቶች የሆቴሎቹን ዝርዝር በመበተን ከጥር 15 ቀን 2011 ዓ.ም ጀምሮ እየተሰራ መሆኑንም ነው የተናገሩት።,Yesterday at 2:50 PM,1.3K,447 Comments
27,Post Title is Not Available,የአፍሪካ ሀገራትን በመሰረተ ልማት ኃይል አቅርቦት በማስተሳሰር አህጉራዊ ለውጥ ለምጣት እየተሰራ ነው አዲስ አበባ፣ የካቲት 1፣ 2011 (ኤፍ.ቢ.ሲ) የአፍሪካ ሀገራትን በመሰረተ ልማት ኃይል አቅርቦት በማስተሳሰር አህጉራዊ ለውጥ ለምጣት እየተሰራ ነው፡፡ የህብረቱ መሰረተ ልማትና የኃይል ኮሚሽን እየተካሄደ ካለው 34ኛው የአፍሪክ ህብረት ስራ አስፈፃሚዎች ምክር ቤት ስበሰባ ጎን ለጎን ለመገኛኛ ብዙሃን በሰጠው መግለጫ እንዳስታወቀው፥ በአውሮፓውያኑ 2018 አህጉሪቷን በመሰረተ ልማትና በኃይል በማስተሳሳር እንቅስቃሴ አበረታች ውጤት የተመዘገበበት ነበር።... የህብረቱ መሰረተ ልማትና የሃይል ኮሚሽን ኮሚሸነር ዶክተር አማኒ አቦዚያት  በተለይ በኦንላይን ንግድና ኦንላይን መንግስታዊ አገልግሎቶችን በመስጠት ላይ አበረታች ለውጦች እየመጡ ነው ብለዋል፡፡ አሁን ላይም ከአፍሪካ ሀገራት አጠቃላይ ምርት 7 በመቶ ያህሉ በተንቀሳቃሽ የእጅ ስልክ ቴክኖሎጂ የተደገፈ እንቅስቃሴ እንደሚያደርግ በመግለጫው ተነስቷል፡፡ በዚህም 10 ቢሊየን ያህል የአሜሪካ ዶላር መንቀሳቀሱን ኮሚሽነሯ ተናግረዋል፡፡ በሌላ በኩል በመረጃ መረብ ድህንነት ላይ ህብረቱ እየሰራ መሆኑን ጠቅሰው፥ የአህጉሪቷን የመረጃ መረብ ደህንነት ለመጠበቅ የሚያስችለውን ስምምነት 42 ሀገራት መፈራማቸውን ገልጸዋል፡፡  በምስክር ስናፍቅ See More,Yesterday at 2:28 PM,183,5 Comments
28,Post Title is Not Available,ሃገራዊውን የግብር ንቅናቄ  ለማስቀጠል በአዲስ አበባ ከተማ የሩጫ ውድድር ሊካሄድ ነው አዲስ አበባ፣ የካቲት 1፣ 2011 (ኤፍ.ቢ.ሲ) አዲስ አበባን ጨምሮ በአማራና በትግራይ ክልሎች የተጀመረውን የግብር ንቅናቄ በማስቀጠል በአዲስ አበባ ከተማ የሩጫ ውድድር ሊያካሂድ መሆኑን የገቢዎች ሚኒስቴር አስታወቀ፡፡ የገቢዎች ሚኒስትር ወይዘሮ አዳነች አቤቤ ዛሬ በሰጡት ጋዜጣዊ መግላጫ እንዳስታወቁት÷ “ግብር ለሃገሬ “ በሚል መሪ ቃል የካቲት 10 ቀን 2011 ዓ.ም በአዲስ አበባ ከተማ የሩጫ ውድድር እንደሚካሄድ ገልጸዋል፡፡... ሚኒስትሯ የግብር ንቅናቄው በሀገር አቀፍ ደረጃ ተጠናክሮ እንደሚቀጥልም ነው የተናገሩት፡፡ ሁሉም የሚሳተፍበት የእምዬን ለእምዬ በሚል መርህ የስዕልና የሙዚቃ ድግስ የካቲት 17 ቀን 2011 ዓ.ም በአዲስ አበባ ሚሊኒየም አዳራሽ እንደሚካሄድም ተናግረዋል፡፡ ሚኒስትሯ በሀገሪቱ ግብር መክፈል ከነበረባቸው ዜጎች መካከል 60 በመቶ ያህሉ ብቻ እንደሚከፍሉ ገልጸዋል፡፡ ደረሰኝ ከመስጠትና ከመቀበል ጋር በተያያዘም እስካሁን የግንዛቤ ችግሮች መኖራቸውን ጠቁመዋል፡፡ በሚኒስቴሩ በግብር ማጭበርበርና ስወራዎች ላይ በተደረገ ክትትል ከ2 ቢሊየን ብር በላይ ገቢ ተገኝቷልም ነው ያሉት። ሃገሪቱ ከግብር ስወራና ማጭበርበር ጋር በተያያዘ 6 ነጥብ 5 ቢሊየን ብር ማጣቷንም አንስተዋል። በጸጋዬ ንጉስ See More,Yesterday at 1:11 PM,354,23 Comments
29,በደቡብ ክልል ለትምህርት የደረሱ ህፃናትን ወደ ትምህርት ቤት ከመላክ አንጻር ቀሪ ስራዎች አሉ – አቶ ሚሊዮን ማቲዮስአዲስ አበባ፣ የካቲት 1፣ 2011 (ኤፍ.ቢ.ሲ) ዕድሜያቸው ለትምህርት የደረሱ ህፃናትን ወደ ትምህርት ቤት እንዲመጡ ለማድረግ አሁንም ሊሠሩ የሚገቡ ቀሪ ስራዎች መኖራችውን የድቡብ ክልል ርዕሰ ...,በደቡብ ክልል ለትምህርት የደረሱ ህፃናትን ወደ ትምህርት ቤት ከመላክ አንጻር ቀሪ ስራዎች አሉ - አቶ ሚሊዮን ማቲዮስ አዲስ አበባ፣ የካቲት 1፣ 2011 (ኤፍ.ቢ.ሲ) ዕድሜያቸው ለትምህርት የደረሱ ህፃናትን ወደ ትምህርት ቤት እንዲመጡ ለማድረግ አሁንም ሊሠሩ የሚገቡ ቀሪ ስራዎች መኖራችውን የድቡብ ክልል ርዕሰ መስተዳድር አቶ ሚሊዮን ማቲዮስ ገለፁ። ርዕሰ መስተዳድሩ ክልላዊ የትምህርት ጉባኤ ሲጀመር ባደረጉት ንግግር እንዳሉት፣ በክልሉ አሁንም የትምህርት ገበታን ያልተቀላቀሉ ህፃናት ቁጥር ቀላል የሚባል አይደለም። ... የሀገራዊና ክልላዊ ምዘናዎች ውጤት ዝቅተኛ መሆን እና የትምህርት ቤቶች ምቹ አለመሆን ወይም ከደረጃ ዝቅ ያሉ መሆን ትኩረት ተሰጥቷቸው ሊቀረፉ የሚገቡ ችግሮች መሆናቸውንም ተናግረዋል።  https://fanabc.com/2019/02/በደቡብ-ክልል-ለትምህርት-የደረሱ-ህፃናት/ See More,Yesterday at 12:40 PM,638,186 Comments
30,Post Title is Not Available,ጠ/ሚ ዶክተር አብይ ከሞ ኢብራሂም ፋውንዴሽን መስራች ዶ/ር መሃመድ ኢብራሂም ጋር ተወያዩ አዲስ አበባ፣ የካቲት 1፣ 2011 (ኤፍ.ቢ.ሲ) የኢፌዴሪ ጠቅላይ ሚኒስትር ዶክተር አብይ አህመድ ከሞ ኢብራሂም ፋውንዴሽን መስራች ዶክተር መሃመድ ኢብራሂም ጋር ተወያዩ፡፡ ጠቅላይ ሚኒስትሩና ዶክተር መሃመድ በአስተዳደር፣ በዴሞክራሲያዊ ስርዓትና በአፍሪካ እና በኢትዮጵያ ስላሉ ተያያዥ ችግሮች ተወያይተዋል።... እንዲሁም አህጉራዊ የወጣቶች ተሳትፎና የሥራ ዕድል ፈጠራ ዙሪያ ውይይት እንዳደረጉ ተነግሯል፡፡ ዶክተር መሃመድ በኢትዮጵያ እየተካሄደ ያለውን ለውጥ በማድነቅ አንድነት ላይ ተመስርቶ ተጠናክሮ እንዲቀጥል ምኞታቸውን ገልፀዋል። መረጃው የጠቅላይ ሚኒስትር ፅህፈት ቤት ነው፤ See More,Yesterday at 12:33 PM,594,23 Comments
31,ፌስ ቡክ የመጀመሪያውን የይዘት መገምገሚያ ማዕከል በኬንያ ሊከፍት ነውአዲስ አበባ፣ የካቲት 1፣ 2011 (ኤፍ ቢ ሲ) ፌስ ቡክ የመጀመሪያውን የይዘት መገምገሚያ ማዕከል በኬንያ ሊከፍት ነው።ፌስ ቡክ ከሰሃራ በታች በሚገኙ የአፍሪካ ሀገራት ውስጥ የመጀመሪያ የሆነ....,ፌስ ቡክ የመጀመሪያውን የይዘት መገምገሚያ ማዕከል በኬንያ ሊከፍት ነው። ፌስ ቡክ ከሰሃራ በታች በሚገኙ የአፍሪካ ሀገራት ውስጥ የመጀመሪያ የሆነውን የይዘት መገምገሚያ ማዕከል በኬንያ ሊከፍት መሆኑን አስታውቋል። ማዕከሉ በቀጠናው የሚገኙ የፌስ ቡክ ተጠቃሚዎች በመተግበሪያው የሚያስተላልፉትን ይዘት ለመገምገም የሚያስችል ነው ተብሏል።... ይህም ፌስ ቡክ በአካባቢው የሚገኙ ደንበኞቹ በመተግበሪያው አማካኝነት ሀሳባቸውንና መልዕክታቸውን ያለምንም ችግር በነጻነት እንዲያስተላልፉ የሚያስችል መሆኑ ነው የተገለፀው። https://fanabc.com/2019/02/ፌስ-ቡክ-የመጀመሪያውን-የይዘት-መገምገሚ/ See More,Yesterday at 12:33 PM,267,6 Comments
32,ፖሊስ በተከሰከሰው አውሮፕላን ውስጥ የተገኘው አስከሬን የኤሚሊያኖ ሳላ መሆኑን አረጋገጠአዲስ አበባ፣ የካቲት 1፣ 2011 (ኤፍ.ቢ.ሲ) የብሪታንያ ፖሊስ የናንትሱን አጥቂ ወደ ካርዲፍ ይዛ ስትበር በነበረችው አነስተኛ አውሮፕላን ስብርባሪ ውስጥ የተገኘው አስከሬን የኤሚሊያኖ ሳላ ....,የብሪታንያ ፖሊስ የናንትሱን አጥቂ ወደ ካርዲፍ ይዛ ስትበር በነበረችው አነስተኛ አውሮፕላን ስብርባሪ ውስጥ የተገኘው አስከሬን የኤሚሊያኖ ሳላ መሆኑን አረጋገጠ። ኤሚሊያኖ ሳላ ከሁለት ሳምንታት በፊት ከፈረንሳይዋ ከተማ ናንትስ በመነሳት ዌልስ ወደምትገኘው ካርዲፍ በማቅናት ላይ እያለ የተሳፈረባት አነስተኛ አውሮፕላን መሰወሯ የተሰማው። https://fanabc.com/2019/02/ፖሊስ-በተከሰከሰው-አውሮፕላን-ውስጥ-የተ/,Yesterday at 11:34 AM,1.6K,120 Comments
33,Post Title is Not Available,የአዲስ አበባ ከተማን የትራንስፖርት ችግር ለመቅረፍ እየተሰሩ ያሉ ስራዎች….,Yesterday at 11:16 AM,303,20 Comments
34,Post Title is Not Available,ፍርድ ቤቱ በአቶ በረከት ስምኦንና አቶ ታደሰ ካሳ ላይ ተጨማሪ 14 ቀን የምርመራ ጊዜ ፈቀደ አዲስ አበባ፣ የካቲት 1፣ 2011 (ኤፍ.ቢ.ሲ) የባህር ዳርና አካባቢዋ ከፍተኛ ፍርድ ቤት በአቶ በረከት ስምኦን እና አቶ ታደሰ ካሳ ላይ የ14 ቀን የምርመራ ጊዜ ፈቀደ። በጥረት ኮርፖሬት ተፈጽሟል ከተባለ የሙስና ወንጀል ጋር በተያያዘ በቁጥጥር ስር የዋሉት አቶ በረከት ስምኦን እና አቶ ታደሰ ካሳ ዛሬ ፍርድ ቤት ቀርበዋል።... የክልሉ ፀረ ሙስና ኮሚሽን የወንጀል መርማሪ በተሰጠው የምርምራ ጊዜ የሰነድ ማስረጃ እና የሰው ምስክር እያደራጀ  መቆየቱን ለፍርድ ቤት አብራርቷል፡፡ በዛሬው የፍርድ ቤት ውሎም የዳሽን ቢራ ፋብሪካን ዳየት ቫሳራ ለተባለ የእንግሊዝ ኩባንያ 90 ሚሊየን ዶላር የተሸጠ ቢሆንም፥ ሁለቱ ተጠርጣሪዎች የሽያጩን ድርሻ ለዳሽን ወይም ለጥረት ኮርፖሬት ገቢ አለማድረጋቸውን አስረድቷል። ከዚህ ባለፈም የፋብሪካው 50 በመቶ ድርሻ በስዊዘርላንድ ባርክሌይስ ባንክ በግለሰብ ስም በተከፈተ የባንክ ደብተር እንደሚገኝም ነው ያስረዳው። ከዚህ ባለፈ ከጉዳዩ ጋር በተያያዘ ተጨማሪ የተበታተኑ የሰነድ መረጃዎችን ለማጠናከር እና ምስክሮች በሀገር ውስጥ የተለያዩ ቦታዎች እንዲሁም በውጭ ሃገር እንደሚገኙም ጠቅሷል። በመሆኑም ይህን ጉዳይ ለማጣራት ተጨማሪ 14 ቀን የምርመራ ጊዜ ይፈቀድልኝ ሲል ችሎቱን ጠይቋል። ተጠርጣሪዎች በበኩላቸው የዳሽን ቢራ ጉዳይ በፌዴራል እንጅ በክልል ሊታይ አይገባም፤ ተፈጸመ የተባለው ጉዳይም የፀረ ሙስና ኮሚሽን ከመቋቋሙ በፊት የተፈፀመ በመሆኑ ኮሚሽኑ የመክሰስ እና የመመርመር ሀላፊነት የለውም በሚል ተቃውመዋል። ከዚህ ባለፈም ቤተሰብ አይጠይቀንም በማለት ለፍር ቤቱ አቤቱታቸውን አቅርበዋል። የግራ ቀኙን ያደመጠው ፍርድ ቤትም በክልሉ ፀረ ሙስና ኮሚሽን የወንጀል መርማሪ የተጠየቀውን የ14 ቀን የጊዜ ቀጠሮ ፈቅዷል። በናትናኤል ጥጋቡ See More,Yesterday at 10:59 AM,792,81 Comments
35,Post Title is Not Available,ሰንበሬ ተፈሪ በተባበሩት አረብ ኢሚሬትስ የግማሽ ማራቶን ውድድር አሸናፊ ሆነች አዲስ አበባ፣ የካቲት1፣ 2011 (ኤፍ.ቢ.ሲ) ሰንበሬ ተፈሪ በተባበሩት አረብ ኢሚሬትስ ራስ አል ካማህ የግማሽ ማራቶን ውድድር አሸናፊ ሆነች፡፡ ሰንበሬ ተፈሪ ውድድሩን በ1 ሰዓት ከ5 ደቂቃ 45 ሰከንድ በሆነ ጊዜ ስታጠናቅቅ ሰዓቱ በአባበል የሻለህ ባሳለፍነው መስከረም ወር በኮፐንሃገን ከተመዘገበው ክብረወሰን በአንድ ሰከንድ አሻሽላለች፡፡... ከሁለቱ ተወዳዳሪዎች መካካል አሸናፊዋ በፎቶ ፊኒሽን ተለይታ ነፃነት ጉደታ በተመሳሳይ መልኩ በ1 ሰዓት ከ5 ደቂቃ 45 ሰከንድ 2ኛ፣ ዘይነብ ይመር በአንድ ሰከንድ ዘግይታ በመግባት 3ኛ ሆነው ውድድሩን አጠናቀዋል፡፡  በወንዶቹ ደግሞ አባዲ ሃዲስ በ58 ደቂቃ ከሰከንድ ሁለተኛ ሲወጣ፣ ፍቃዱ ሃፍቱ በ59 ደቂቃ ከ8 ደቂቃ 3ኛ ሆኖ አጠናቋል፡፡ ኬንያዊ ስቴፈን ኪፕሮፕ በ58 ደቂቃ ከ42 ሰከንድ አሸናፊ ሆኗል። ዘገባው የአፍሪካ ዩናይትድ አትሌቲክስ ድረ ገጽ ነው፡፡ See More,Yesterday at 10:49 AM,471,15 Comments
36,የታይላንድ ልዕልት ለጠቅላይ ሚኒስትርነት ሊወዳደሩ ነውአዲስ አበባ፣ የካቲት 1 2011(ኤፍ.ቢ.ሲ) የታይላንድ ንጉሳዊ ቤተሰብ የሆኑት ልዕልት ኡቦልራታና በሀገሪቱ በሚካሄደው የጠቅላይ ሚኒስትርነት ምርጫ ሊወዳደሩ መሆኑ ተገለፀ፡፡የታይላንድ ን.....,የታይላንድ ንጉሳዊ ቤተሰብ የሆኑት ልዕልት ኡቦልራታና በሀገሪቱ በሚካሄደው የጠቅላይ ሚኒስትርነት ምርጫ ሊወዳደሩ መሆኑ ተገለፀ፡፡ የታይላንድ ንጉስ ማሃ ታላቅ እህት የሆኑት የ67 አመቷ ኡቦልራታና ለመጀመሪያ ጊዜ በሀገሪቱ ፓለቲካ ቀጥተኛ ተሳትፎ የሚያደርጉ የንጉሳዊ ቤተሰብ ይሆናሉ ተብሏል፡፡ ልዕልቷ  በቀድሞው  የሀገሪቱ ጠቅላይ ሚኒስትር ታሃክሱን ሺናዋንትራ የተመሰረተውን ታሂ ራክሳ ቻርት በመወከል ነው ለጠቅላይ ሚኒስትርነት የሚወዳደሩት ተብሏል።,Yesterday at 10:34 AM,236,6 Comments
37,Post Title is Not Available,ፕሬዚዳንት ሳህለወርቅ ዘውዴና የጊኒ አቻቸው ለጊኒ ኤምባሲ ግንባታ የመሰረት ድንጋይ አስቀመጡ አዲስ አበባ፣ የካቲት 1፣ 2011 (ኤፍ.ቢ.ሲ) የኢፌዴሪ ፕሬዚዳንት ሳህለወርቅ ዘውዴና የጊኒው ፕሬዚዳንት ፕሮፌሰር አልፋ ኮንዴ በአዲስ አበባ ለሚገነባው የጊኒ ኤምባሲ ግንባታ የመሰረት ድንጋይ አስቀመጡ።  ፕሬዚዳንት ሳህለወርቅ ዘውዴ በትናንትናው ዕለት ፕሬዚዳንት አልፋ ኮንዴንና ልዑካቸውን በብሄራዊ ቤተ መንግስት ተቀብለው አነጋግረዋል።... በቆይታቸውም በሁለትዮሽ እና በአህጉራዊ ጉዳዮች ላይ ትኩረት አድርገው ተወተያይተዋል። ፕሬዚዳንቶቹ በውይይታቸው የሀገራቱን የግንኙነት ደረጃ ለማሳደግ የሚያስችሉ እርምጃዎች ላይ ትኩረት ማድረጋቸውን አመላክተዋል። እንዲሁም ፕሬዚዳንቱ ከጠቅላይ ሚኒስትር ዶክተር አብይ አህመድ ጋርም ተገናኝተው ተወያይተዋል። በውይይቱም ጠቅላይ ሚኒስትር ዶክተር አብይ፥ በኢትዮጵያና በጊኒ መካከል ስላለው መልካም ወዳጅነት በመግለጽ ጉብኝቱ ግንኙነቱን ለማጠናከር መልካም መሰረት እንደሚጥል ጠቅሰዋል። ፕሬዚዳንት አልፋ ኮንዴ በበኩላቸው፥ ጠቅላይ ሚኒስትር ዶክተር አብይ አህመድ በኢትዮጵያ ዴሞክራሲያዊ ሂደትን በማምጣትና በመምራት ያሳዩትን ለውጥ አድንቀዋል። እንዲሁም በኢትዮጵያና ኤርትራ መካከል ለረጅም ዓመታት የነበረውን ቋጠሮ መፍታት በመቻላቸው ያላቸውን አድናቆት ገልፀዋል። ከሁለትዮሽ ውይይቱ በኋላም ሁለቱ መሪዎች የጋራ የሚኒስትሮች ኮሚሽን ምስረታ፣ ግብርና፣ የአየር ትራንስፖርት፣ ጤና፣ ሳይንስና ከፍተኛ ትምህርትና ባህልና ቱሪዝም ዘርፎች ዙሪያ አብሮ ለመስራት የሚያስችሉ ስትራቴጂክ ስምምነት ፊርማዎች ላይ መገኘታቸውን የጠቅላይ ሚኒስትር ጽህፈት ቤት አስታውቋል። ፕሬዚዳንት አልፋ ኮንዴ በኢትዮጵያ የሦስት ቀናት ይፋዊ የስራ ጉብኝት ለማድረግ ከትናንት በስቲያ አዲስ አበባ መግባታቸው ይታወሳል። See More,Yesterday at 10:03 AM,356,8 Comments
38,የጋምቤላ ክልል ምክር ቤት የተለያዩ ሹመቶችን እና አዋጆችን አጸደቀአዲስ አበባ፣ የካቲት 1፣ 2011 (ኤፍ.ቢ.ሲ) የጋምቤላ ክልል ሕዝቦች ብሔራዊ ክልላዊ መንግሥት ምክር ቤት ለሶስት ቀናት ያካሄደውን መደበኛ ጉባዔ የተለያዩ ሹመቶችን እና አዋጆችን በማጽደቅ አ...,የጋምቤላ ክልል ሕዝቦች ብሔራዊ ክልላዊ መንግሥት ምክር ቤት ለሶስት ቀናት ያካሄደውን መደበኛ ጉባዔ የተለያዩ ሹመቶችን እና አዋጆችን በማጽደቅ አጠናቀቀ፡፡ ምክር ቤቱ ለሶስት ቀናት ባካሄደው መደበኛ ጉባዔው የአስፈጻሚ መስሪያ ቤቶችን ቁጥር ከ21 ወደ 18 ዝቅ በማድረግ ጉባዔውን አጠናቋል፡፡ እንዲሁም የክልሉን የፋይናንስ አስተዳደር ዓዋጅና የተሻሻለውን የአስፈጻሚ አካላትን አደረጃጀት ሥልጣንና ተግባር መወሰኛ ዓዋጅንም አጽድቋል፡፡... https://fanabc.com/2019/02/የጋምቤላ-ክልል-ምክር-ቤት-የተለያዩ-ሹመቶ/ See More,Yesterday at 9:55 AM,335,3 Comments
39,Post Title is Not Available,አዲስ አበባ የትብብር እንጂ የአለመግባባት ማእከል ልትሆን አይገባም- ኦዲፒ,Yesterday at 9:53 AM,1.2K,212 Comments
40,Post Title is Not Available,በአፍሪካ ህብረት ምስረታ ውስጥ የኢትዮጵያ ሚና ምን ይመስል ነበር…?,Yesterday at 9:39 AM,193,11 Comments
